
{
  "Unnamed: 0":{
    "0":"George",
    "1":"John",
    "2":"Thomas",
    "3":"James",
    "4":"Andrew",
    "5":"Martin",
    "6":"William",
    "7":"Zachary",
    "8":"Millard",
    "9":"Franklin"
  },
  "country":{
    "0":"US",
    "1":"CAN",
    "2":"CAN",
    "3":"US",
    "4":"CAN",
    "5":"US",
    "6":"US",
    "7":"US",
    "8":"CAN",
    "9":"US"
  },"ad_views":{
    "0":16,
    "1":42,
    "2":32,
    "3":13,
    "4":63,
    "5":19,
    "6":65,
    "7":23,
    "8":16,
    "9":77
  },
  "items_purchased":{
    "0":2,
    "1":1,
    "2":0,
    "3":8,
    "4":0,
    "5":5,
    "6":7,
    "7":3,
    "8":0,
    "9":5
  }
}
